brand;processor_brand;ram_gb;ram_type;os;os_bit;graphic_card_gb;weight;display_size;warranty;Touchscreen;msoffice;price
ASUS;Intel;4;DDR4;Windows;64;0;Casual;15.6;1;No;No;23990
ASUS;Intel;8;DDR4;Windows;64;0;Casual;15.6;1;No;No;37990
ASUS;Intel;8;DDR4;Windows;64;0;Casual;14.1;1;No;No;32890
HP;Intel;8;DDR4;Windows;64;0;ThinNlight;15.6;1;No;Yes;42990
HP;Intel;8;DDR4;Windows;64;0;ThinNlight;15.6;0;No;No;54990
Lenovo;Intel;8;DDR4;Windows;64;0;ThinNlight;15.6;1;No;Yes;35990
HP;AMD;8;DDR4;Windows;64;0;Casual;15.6;1;No;Yes;41999
ASUS;Intel;4;DDR4;Windows;64;0;ThinNlight;14;0;No;No;34429
DELL;Intel;8;DDR4;Windows;64;0;ThinNlight;15.6;1;No;Yes;41490
Lenovo;Intel;8;DDR4;Windows;32;0;ThinNlight;15.6;2;No;Yes;37990
HP;Intel;8;DDR4;Windows;64;0;ThinNlight;15.6;1;No;No;53990
HP;AMD;8;DDR4;Windows;64;0;ThinNlight;15.6;1;No;No;37990
HP;AMD;8;DDR4;Windows;64;4;Casual;15.6;1;No;No;57990
Lenovo;Intel;8;DDR4;Windows;64;0;Casual;14;2;No;Yes;52990
ASUS;Intel;4;DDR4;Windows;32;0;Casual;15.6;1;No;Yes;35990
DELL;AMD;8;DDR4;Windows;64;0;ThinNlight;14;1;No;Yes;35990
ASUS;Intel;8;DDR4;Windows;64;0;ThinNlight;14;0;No;No;33980
HP;Intel;16;DDR4;Windows;64;0;ThinNlight;14;1;No;Yes;67990
HP;Intel;8;DDR4;Windows;64;0;ThinNlight;14;1;No;Yes;39990
APPLE;Apple;8;DDR4;Mac;64;0;Casual;13.3;1;No;No;85990
ASUS;Intel;4;DDR4;Windows;64;0;ThinNlight;14;0;No;No;29990
acer;Intel;5;DDR5;Missing;32;4;Casual;0;0;No;No;50990
ASUS;Intel;16;DDR4;Windows;64;0;Casual;15.6;1;No;No;57990
HP;Intel;8;DDR4;Windows;64;0;ThinNlight;15.6;1;No;Yes;42990
Lenovo;Intel;4;DDR4;Windows;64;0;ThinNlight;14;0;No;No;31999
DELL;Intel;8;DDR4;Windows;64;0;ThinNlight;14;1;No;Yes;39490
DELL;Intel;8;DDR4;Windows;64;0;Casual;15.6;0;No;No;45490
MSI;Intel;8;DDR4;Windows;64;4;Casual;15.6;2;No;No;55990
MSI;Intel;8;DDR4;Windows;64;4;Casual;15.6;2;No;No;63990
ASUS;Intel;8;DDR4;Windows;64;4;Gaming;15.6;1;No;No;57990
ASUS;AMD;8;DDR4;Windows;64;0;ThinNlight;15.6;1;No;No;35990
Lenovo;Intel;16;DDR4;Windows;64;0;ThinNlight;15.6;1;No;Yes;62300
realme;Intel;8;DDR4;Windows;64;0;Casual;14;1;No;Yes;52990
acer;AMD;8;DDR4;Windows;64;0;Casual;15.6;1;No;No;36990
RedmiBook;Intel;8;DDR4;Windows;32;0;ThinNlight;15.6;1;No;No;38990
ASUS;Intel;8;DDR4;Windows;32;0;Casual;15.6;1;No;Yes;50990
ASUS;Intel;8;DDR4;Windows;64;4;Gaming;15.6;0;No;No;61990
MSI;Intel;16;DDR4;Windows;64;6;Casual;15.6;2;No;No;84990
DELL;AMD;8;DDR4;Windows;64;0;ThinNlight;15.6;0;No;No;39490
ASUS;Intel;8;DDR4;Windows;64;4;Gaming;15.6;0;No;No;55990
HP;Intel;8;DDR4;Windows;64;0;Casual;14;1;Yes;Yes;53990
DELL;AMD;8;DDR4;Windows;64;0;Casual;14;1;No;Yes;41990
Lenovo;Intel;8;DDR4;Windows;64;0;ThinNlight;15.6;1;No;No;52990
acer;Intel;8;DDR4;Windows;64;0;ThinNlight;15.6;1;No;No;38990
realme;Intel;8;DDR4;Windows;64;0;ThinNlight;14;1;No;Yes;46990
ASUS;Intel;4;DDR4;Windows;64;0;Casual;15.6;1;No;No;35990
Lenovo;AMD;8;DDR4;Windows;64;4;Gaming;15.6;1;No;Yes;56990
Lenovo;Intel;8;DDR4;Windows;64;0;ThinNlight;15.6;2;No;Yes;51990
Lenovo;AMD;8;DDR4;Windows;64;0;ThinNlight;15.6;1;No;No;48990
Lenovo;Intel;16;DDR4;Windows;64;0;ThinNlight;14;0;No;No;61990
DELL;AMD;8;DDR4;Windows;64;0;Casual;15.6;0;No;No;49490
DELL;Intel;8;DDR4;Windows;64;0;ThinNlight;15.6;0;No;No;42490
acer;AMD;;;Missing;32;4;Casual;0;0;No;No;54990
ASUS;AMD;8;DDR4;Windows;64;0;Casual;15.6;1;No;No;54990
RedmiBook;Intel;8;DDR4;Windows;32;0;ThinNlight;15.6;1;No;No;42990
Lenovo;AMD;8;DDR4;Windows;64;4;Casual;15.6;0;No;No;68500
HP;AMD;8;DDR4;Windows;64;0;ThinNlight;14;1;No;Yes;49970
Lenovo;Intel;8;DDR4;Windows;64;0;Casual;15.6;2;No;Yes;49490
ASUS;Intel;8;DDR4;Windows;64;0;Casual;14;1;No;No;42990
MSI;AMD;8;DDR4;Windows;64;0;Casual;14;0;No;No;47990
HP;AMD;8;DDR4;Windows;64;0;ThinNlight;15.6;1;No;Yes;48990
ASUS;Intel;8;DDR4;Windows;64;0;ThinNlight;15.6;1;No;No;37990
ASUS;Intel;8;DDR4;Windows;64;0;Casual;14;1;No;Yes;37890
RedmiBook;Intel;8;DDR4;Windows;32;0;ThinNlight;15.6;1;No;No;48990
HP;AMD;16;DDR4;Windows;64;4;Gaming;15.6;1;No;Yes;75990
APPLE;Apple;8;DDR4;Mac;64;0;Casual;13.3;1;No;No;112990
Lenovo;Intel;8;DDR4;Windows;64;0;ThinNlight;14;1;No;No;38990
ASUS;Intel;8;LPDDR4X;Windows;32;0;Casual;14;1;Yes;Yes;63990
ASUS;Intel;8;LPDDR4X;Windows;32;0;Casual;14;1;Yes;Yes;51990
Lenovo;Intel;8;DDR4;Windows;64;0;Casual;15.6;1;No;Yes;65990
Nokia;Intel;8;DDR4;Windows;64;0;ThinNlight;14;0;No;No;47990
acer;AMD;8;LPDDR4X;Windows;64;0;ThinNlight;14;1;No;No;53990
ASUS;Intel;8;DDR4;Windows;64;0;Casual;15.6;1;No;No;48990
acer;Intel;8;DDR4;Windows;64;0;ThinNlight;15.6;1;No;No;52990
APPLE;Apple;16;DDR4;Mac;64;0;Casual;13.3;1;No;No;149990
acer;Intel;16;DDR4;Windows;64;4;Casual;15.6;1;No;No;92990
ASUS;AMD;16;DDR4;Windows;32;4;Gaming;17.3;0;No;No;76990
Lenovo;Intel;8;DDR4;Windows;64;0;ThinNlight;15.6;1;No;No;49990
ASUS;Intel;8;DDR4;Windows;64;4;Gaming;17.3;0;No;No;71990
Lenovo;Intel;8;DDR4;Windows;64;0;ThinNlight;14;0;No;No;37990
ASUS;Intel;8;DDR4;Windows;64;0;Casual;15.6;1;No;No;47990
ASUS;Intel;8;DDR4;Windows;64;4;Gaming;15.6;0;No;No;75990
Nokia;Intel;8;DDR4;Windows;64;0;ThinNlight;14;0;No;No;45990
Lenovo;Intel;8;DDR4;Windows;32;0;ThinNlight;15.6;2;No;Yes;48490
ASUS;Intel;8;DDR4;Windows;64;4;Gaming;17.3;0;No;No;72990
ASUS;AMD;8;DDR4;Windows;64;0;Casual;15.6;1;No;No;54990
MSI;Intel;16;DDR4;Windows;64;4;Casual;15.6;2;No;No;76990
APPLE;Apple;16;DDR4;Mac;64;0;Casual;13.3;1;No;No;104990
MSI;Intel;16;DDR4;Windows;64;6;Casual;15.6;2;No;No;76990
acer;Intel;8;DDR4;Windows;64;0;Casual;15.6;1;No;No;57990
ASUS;Intel;8;DDR4;Windows;64;0;Casual;15.6;1;No;No;52990
DELL;Intel;8;DDR4;Windows;64;0;ThinNlight;14.96;1;No;Yes;41990
Lenovo;AMD;8;DDR4;Windows;64;0;Casual;15.6;1;No;Yes;52990
ASUS;Intel;16;DDR4;Windows;64;6;Gaming;15.6;1;No;Yes;89990
ASUS;Intel;8;DDR4;Windows;64;0;Casual;14;1;No;No;42990
APPLE;Apple;8;DDR4;Mac;64;0;Casual;13.3;1;No;No;125990
ASUS;Intel;8;DDR4;Windows;64;0;Casual;15.6;1;No;No;45990
MSI;Intel;8;DDR4;Windows;64;4;Casual;15.6;2;No;No;59990
MSI;Intel;;;Missing;32;4;Casual;0;0;No;No;86990
ASUS;Intel;16;LPDDR4X;Windows;64;2;Casual;14;1;Yes;Yes;104990
APPLE;Apple;8;DDR4;Mac;64;0;Casual;13.3;1;No;No;103990
acer;Intel;16;DDR4;Windows;32;6;Casual;15.6;1;No;No;119990
APPLE;Apple;8;DDR4;Mac;64;0;Casual;13.3;1;No;No;112990
APPLE;Apple;8;DDR4;Mac;64;0;Casual;13.3;1;No;No;101990
ASUS;Intel;4;LPDDR4;Windows;64;0;Casual;15.6;0;No;No;27990
HP;Intel;8;DDR4;Windows;64;0;ThinNlight;14;0;No;No;32490
DELL;AMD;8;DDR4;Windows;64;0;ThinNlight;14.96;0;No;No;36990
DELL;Intel;8;DDR4;Windows;64;0;Casual;15.6;1;No;No;57990
Lenovo;Intel;8;DDR4;Windows;64;0;ThinNlight;15.6;1;No;No;38990
HP;AMD;8;DDR4;Windows;64;0;ThinNlight;14;0;No;No;43490
Lenovo;Intel;8;DDR4;Windows;64;0;ThinNlight;15.6;1;No;No;39990
ASUS;Intel;8;DDR4;Windows;64;4;Gaming;15.6;1;No;Yes;65990
DELL;Intel;8;DDR4;Windows;64;0;Casual;14;0;Yes;No;71990
DELL;Intel;8;DDR4;Windows;64;0;ThinNlight;15.6;0;No;No;42490
DELL;Intel;8;DDR4;Windows;64;0;Casual;15.6;0;No;No;44490
DELL;Intel;8;DDR4;Windows;64;0;ThinNlight;14.96;0;No;No;45990
acer;AMD;;;Missing;32;4;Casual;0;0;No;No;59990
ASUS;Intel;8;DDR4;Windows;64;0;Casual;14.1;1;No;Yes;41890
acer;AMD;8;DDR4;Windows;64;0;Casual;15.6;1;No;No;43990
MSI;Intel;;;Missing;32;6;Casual;0;0;No;No;109990
APPLE;Apple;16;DDR4;Mac;64;0;Casual;13.3;1;No;No;132990
Lenovo;AMD;8;DDR4;Windows;64;4;Gaming;15.6;0;No;No;59490
HP;Intel;8;DDR4;Windows;64;0;ThinNlight;15.6;1;No;Yes;42490
MSI;AMD;16;DDR4;Windows;64;8;Casual;15.6;1;No;No;99990
ASUS;AMD;8;LPDDR4X;Windows;64;4;Casual;14;0;No;No;72990
DELL;Intel;8;DDR4;Windows;64;0;Casual;14;0;Yes;No;71890
lenovo;Intel;;;Missing;32;0;Casual;0;0;No;No;72990
MSI;Intel;16;DDR4;Windows;64;4;Casual;15.6;2;No;No;79990
ASUS;AMD;16;DDR4;Windows;64;6;Casual;15.6;1;No;No;135990
Lenovo;Intel;8;DDR4;Windows;64;4;Gaming;15.6;1;No;Yes;68990
MSI;AMD;8;DDR4;Windows;64;4;Casual;15.6;0;No;No;64990
Infinix;Intel;8;LPDDR4X;Windows;64;0;ThinNlight;14;0;No;No;32990
ASUS;Intel;16;LPDDR4X;Windows;64;0;Casual;14;1;Yes;No;134990
acer;AMD;16;DDR4;Windows;64;6;Casual;15.6;1;No;No;89990
Lenovo;Intel;16;DDR4;Windows;64;0;ThinNlight;15.6;0;No;No;64990
Mi;Intel;8;DDR4;Windows;64;2;Casual;14;1;No;No;59490
HP;Intel;8;DDR4;Windows;64;0;ThinNlight;15.6;1;No;Yes;43970
ASUS;Intel;16;DDR4;Windows;64;0;Casual;14;1;No;No;65990
APPLE;Apple;16;DDR4;Mac;64;0;Casual;13.3;1;No;No;104990
DELL;Intel;4;DDR4;Windows;64;0;ThinNlight;14;1;No;Yes;36990
APPLE;Apple;8;DDR4;Mac;64;0;Casual;13.3;1;No;No;104990
HP;Intel;8;DDR4;Windows;64;0;ThinNlight;15.6;0;No;No;55999
ASUS;Intel;16;DDR4;Windows;64;4;Casual;14;1;No;No;73490
HP;Intel;16;DDR4;Windows;64;0;ThinNlight;14;1;No;Yes;74490
acer;Intel;8;DDR4;Windows;64;0;ThinNlight;15.6;1;No;No;56990
DELL;AMD;8;DDR4;Windows;64;0;ThinNlight;14;0;No;No;47490
Lenovo;Intel;8;DDR4;Windows;64;0;Casual;14;1;Yes;Yes;53990
HP;AMD;8;DDR4;Windows;64;4;Casual;15.6;1;No;No;59990
acer;AMD;16;DDR4;Windows;64;4;Casual;15.6;0;No;No;81990
ASUS;Intel;8;DDR4;Windows;64;0;ThinNlight;14;0;No;No;36990
ASUS;Intel;4;DDR4;Windows;64;0;ThinNlight;15.6;1;No;Yes;39990
DELL;AMD;8;DDR4;Windows;64;0;ThinNlight;15.6;1;No;No;39990
ASUS;AMD;16;DDR4;Windows;64;4;Casual;14;1;No;No;79990
Lenovo;Intel;4;DDR4;Windows;64;0;Casual;15.6;2;No;No;38940
DELL;Intel;4;DDR4;Windows;64;0;Casual;15;1;No;Yes;39490
ASUS;Intel;4;LPDDR4;Missing;32;0;Casual;0;0;No;No;23490
HP;Intel;8;DDR4;Windows;64;0;ThinNlight;14;1;No;Yes;58340
ASUS;AMD;16;DDR4;Windows;32;0;Casual;15.6;1;No;No;154990
acer;Intel;8;DDR4;Windows;64;0;ThinNlight;14;1;No;No;55999
Lenovo;AMD;8;DDR4;Windows;64;4;Casual;15.6;0;No;No;69990
DELL;AMD;8;DDR4;Windows;64;0;ThinNlight;15.6;1;No;No;44490
acer;Intel;8;DDR4;Windows;64;0;Casual;14;0;No;No;55490
APPLE;Apple;8;DDR4;Mac;64;0;Casual;13.3;1;No;No;131990
MSI;Intel;8;DDR4;Windows;64;0;ThinNlight;14;0;No;No;48990
HP;Intel;8;DDR4;Windows;64;0;Casual;14;1;No;Yes;54990
HP;AMD;8;DDR4;Windows;64;4;Casual;15.6;1;No;No;58990
DELL;Intel;16;DDR4;Windows;64;0;ThinNlight;14;0;No;No;67990
DELL;Intel;8;DDR4;Windows;64;2;Casual;15.6;1;No;No;62490
ASUS;Intel;8;DDR4;Windows;64;0;Casual;15.6;1;No;No;45990
ASUS;Intel;16;DDR4;Windows;64;0;Casual;14;1;No;No;59990
Lenovo;Intel;8;DDR4;Windows;64;0;Casual;15.6;2;No;Yes;39999
DELL;AMD;8;DDR4;Windows;64;0;ThinNlight;14;1;No;No;59490
HP;AMD;16;DDR4;Windows;64;0;ThinNlight;15.6;1;No;Yes;67500
ASUS;Intel;16;DDR4;Windows;64;6;Casual;15.6;1;No;Yes;82990
ASUS;AMD;8;DDR4;Windows;32;0;Casual;15.6;1;No;Yes;54990
Lenovo;Intel;16;DDR4;Windows;64;0;Casual;14;1;Yes;Yes;85990
DELL;Intel;8;DDR4;Windows;64;0;ThinNlight;15.6;1;No;No;42990
Lenovo;Intel;16;DDR4;Windows;64;4;Casual;15.6;1;No;Yes;99990
ASUS;Intel;16;DDR4;Windows;64;4;Gaming;15.6;0;No;No;98990
ASUS;AMD;8;DDR4;Windows;64;4;Casual;15.6;0;No;No;71990
ASUS;Intel;8;LPDDR4X;Windows;64;0;Casual;13.3;1;Yes;No;62990
DELL;Intel;8;DDR4;Windows;64;2;Casual;14;1;No;Yes;64190
HP;AMD;8;DDR4;Windows;32;0;Casual;15.6;0;No;No;48990
ASUS;AMD;8;DDR4;Windows;64;0;Casual;14;1;Yes;Yes;62450
DELL;Intel;16;DDR4;Windows;64;0;ThinNlight;14;0;No;No;70090
acer;Intel;8;DDR4;Windows;64;0;Casual;15.6;0;No;No;49990
lenovo;Intel;;;Missing;32;0;Casual;0;0;No;No;102990
ASUS;AMD;4;DDR4;Windows;64;0;ThinNlight;15.6;1;No;No;33690
DELL;Intel;4;DDR4;Windows;64;0;ThinNlight;14;1;No;Yes;42990
acer;Intel;8;DDR4;Windows;64;0;Casual;14;0;No;No;40990
ASUS;Intel;16;DDR4;Windows;64;0;Casual;15.6;1;No;No;64990
DELL;Intel;8;DDR4;Windows;64;0;Casual;14;1;Yes;No;49990
realme;Intel;8;DDR4;Windows;64;0;Casual;14;1;No;Yes;60999
HP;AMD;8;DDR4;Windows;64;0;ThinNlight;15.6;1;No;Yes;39490
ASUS;Intel;8;DDR4;Windows;64;2;ThinNlight;15.6;1;No;No;49990
Lenovo;Intel;8;DDR4;Windows;64;2;Casual;15.6;1;No;Yes;59990
HP;AMD;8;DDR4;Windows;64;0;ThinNlight;15.6;1;No;Yes;41490
APPLE;Apple;8;DDR4;Mac;64;0;Casual;13.3;1;No;No;149990
APPLE;Apple;16;DDR4;Mac;64;0;Casual;13.3;1;No;No;169990
DELL;AMD;8;DDR4;Windows;64;0;Casual;15.6;1;No;Yes;41990
acer;Intel;32;DDR4;Windows;64;8;Casual;15.6;1;No;No;169990
ASUS;Intel;8;DDR4;Windows;64;2;Casual;15.6;1;No;Yes;60190
MSI;Intel;8;DDR4;Windows;64;0;ThinNlight;14;0;No;No;40990
MSI;Intel;8;DDR4;Windows;64;0;ThinNlight;14;0;No;No;55490
DELL;AMD;8;DDR4;Windows;64;0;ThinNlight;14;1;No;Yes;44490
HP;Intel;8;LPDDR4X;Windows;64;0;Casual;13.3;0;Yes;No;97990
ASUS;Intel;8;DDR4;Windows;64;0;ThinNlight;14.1;1;No;Yes;41990
Lenovo;Intel;8;DDR4;Windows;64;0;ThinNlight;14;1;Yes;No;54990
DELL;Intel;8;DDR4;Windows;64;0;ThinNlight;14;0;No;No;42190
acer;Intel;16;DDR4;Windows;64;6;Casual;15.6;1;No;No;139990
ASUS;AMD;16;DDR4;Windows;64;8;Casual;15.6;1;No;Yes;199990
DELL;Intel;8;DDR4;Windows;64;0;ThinNlight;14;1;No;Yes;39490
Lenovo;AMD;4;DDR4;Windows;64;0;Casual;0;0;No;No;19590
ASUS;AMD;;;Missing;32;0;Casual;0;0;No;No;19990
APPLE;Apple;16;DDR4;Mac;64;0;Casual;13.3;1;No;No;128990
ASUS;Intel;8;DDR4;Windows;64;0;Casual;14;1;No;Yes;44990
HP;Intel;8;DDR4;Windows;64;0;Casual;15.6;1;No;No;41250
HP;Intel;8;DDR4;Windows;64;0;ThinNlight;14;1;No;Yes;32990
APPLE;Apple;16;Unified;Mac;64;0;Casual;14.2;1;No;No;225990
HP;Intel;8;DDR4;Windows;64;0;ThinNlight;14;0;No;No;44990
APPLE;Apple;16;Unified;Mac;64;0;Casual;14.2;1;No;No;184990
ASUS;Intel;8;DDR4;Windows;64;4;Gaming;15.6;1;No;Yes;54990
APPLE;Apple;16;Unified;Mac;64;0;Casual;16.2;1;No;No;243990
APPLE;Apple;16;Unified;Mac;64;0;Casual;16.2;1;No;No;225990
Lenovo;Intel;8;DDR4;Windows;64;0;ThinNlight;15;1;No;Yes;59990
DELL;Intel;8;DDR4;Windows;64;0;ThinNlight;14;1;No;Yes;41490
DELL;Intel;8;DDR4;Windows;64;0;ThinNlight;14.96;0;No;No;41990
ASUS;Intel;8;DDR4;Windows;64;0;Casual;14;1;No;No;42990
ASUS;Intel;8;DDR4;Windows;64;4;Gaming;15.6;0;No;No;54490
APPLE;Apple;32;Unified;Mac;64;0;Casual;16.2;1;No;No;309990
Lenovo;Intel;8;DDR4;Windows;64;4;Casual;15.6;1;No;Yes;60990
Lenovo;Intel;8;DDR4;Windows;64;0;ThinNlight;15.6;1;No;Yes;53990
HP;Intel;16;DDR4;Windows;64;0;ThinNlight;14;1;No;Yes;66999
Lenovo;AMD;8;DDR4;Windows;64;0;Gaming;15.6;1;No;Yes;63990
Infinix;Intel;16;LPDDR4X;Windows;64;8;Casual;14;0;No;No;54990
DELL;Intel;8;DDR4;Windows;64;0;Casual;14;1;Yes;No;60790
ASUS;AMD;8;DDR4;Windows;64;4;Casual;15.6;0;No;No;71990
DELL;Intel;8;DDR4;Windows;64;0;ThinNlight;15.6;1;No;No;48990
ASUS;AMD;16;DDR4;Windows;64;4;Casual;15.6;0;No;No;114990
Lenovo;AMD;16;DDR4;Windows;64;4;Casual;15.6;1;No;Yes;99990
ASUS;AMD;8;DDR4;Windows;64;0;Casual;14;1;No;No;58990
ASUS;Intel;4;LPDDR4;Missing;32;0;Casual;0;0;No;No;24990
Lenovo;AMD;8;DDR4;Missing;64;0;ThinNlight;14;0;No;No;57490
acer;Intel;8;LPDDR4X;Windows;64;0;ThinNlight;14;1;No;Yes;60990
DELL;Intel;4;DDR4;Windows;64;0;ThinNlight;14.9;1;No;Yes;55790
acer;Intel;8;DDR4;Windows;64;0;ThinNlight;14;1;No;No;46990
ASUS;AMD;16;DDR4;Windows;64;0;Casual;14;1;No;No;79990
ASUS;Intel;16;DDR4;Windows;64;0;Casual;15.6;1;No;Yes;64990
HP;Intel;8;DDR4;Windows;64;0;Casual;15.6;0;No;No;45650
Lenovo;Intel;8;DDR4;Windows;64;0;ThinNlight;14;1;No;Yes;41990
HP;Intel;8;DDR4;Windows;64;0;ThinNlight;15.6;1;No;Yes;43690
ASUS;Intel;8;DDR4;Windows;64;4;Gaming;17.3;1;No;Yes;77990
ASUS;Intel;4;LPDDR4;Missing;32;0;Casual;0;0;No;No;21490
ASUS;Intel;16;DDR4;Windows;64;0;ThinNlight;17.3;0;No;No;58990
ASUS;AMD;16;DDR4;Windows;64;6;Casual;15.6;1;No;Yes;129990
ASUS;Intel;8;DDR4;Windows;64;0;ThinNlight;15.6;1;No;Yes;47990
APPLE;Apple;8;DDR4;Mac;64;0;Casual;13.3;1;No;No;85990
DELL;AMD;16;DDR4;Windows;64;4;Casual;15.6;1;No;No;93990
HP;AMD;8;DDR4;Windows;64;0;ThinNlight;15.6;1;No;Yes;57999
HP;Intel;8;DDR4;Windows;32;0;ThinNlight;14;1;No;Yes;59999
ASUS;Intel;16;DDR4;Windows;64;4;Gaming;15.6;0;No;No;66990
ASUS;Intel;8;DDR4;Windows;64;0;Casual;14;1;No;Yes;77990
DELL;Intel;16;DDR4;Windows;64;4;Casual;15.6;1;No;No;79990
ASUS;AMD;16;DDR4;Windows;64;0;Casual;15.6;0;No;No;56990
Lenovo;Intel;8;DDR4;Windows;64;4;Gaming;15.6;0;No;No;79990
DELL;Intel;8;DDR4;Windows;64;0;ThinNlight;14;1;No;Yes;41990
HP;AMD;8;DDR4;Windows;64;4;Casual;15.6;1;No;Yes;72990
ASUS;Intel;8;DDR4;Windows;64;4;Gaming;15.6;1;No;No;63990
HP;Intel;8;DDR4;Windows;64;0;ThinNlight;15.6;1;No;Yes;63990
Infinix;Intel;8;LPDDR4X;Windows;64;0;ThinNlight;14;0;No;No;32990
ASUS;Intel;4;LPDDR4;Missing;32;0;Casual;0;0;No;No;23990
ASUS;Intel;8;DDR4;Windows;64;4;Casual;15.6;1;No;No;77990
HP;AMD;16;DDR4;Windows;64;0;Casual;13.3;1;No;Yes;65990
ASUS;Intel;16;DDR4;Windows;64;0;Casual;14;1;No;No;59990
DELL;Intel;8;DDR4;Windows;64;0;ThinNlight;15.6;1;No;No;45490
Lenovo;Intel;8;DDR4;Windows;64;0;ThinNlight;14;1;No;No;55990
ASUS;Intel;16;DDR4;Windows;64;0;Casual;14;1;No;No;59990
ASUS;Intel;8;DDR4;Windows;64;0;ThinNlight;14.1;1;No;Yes;44990
HP;Intel;8;DDR4;Windows;64;0;ThinNlight;15.6;1;No;Yes;63990
ASUS;AMD;16;DDR4;Windows;64;4;Gaming;17.3;0;No;No;82990
ASUS;AMD;16;LPDDR4X;Windows;64;4;Casual;13.4;1;Yes;Yes;114990
ASUS;Intel;4;DDR4;Windows;64;0;Casual;15.6;1;No;No;35990
HP;AMD;16;DDR4;Windows;64;0;Casual;13.3;1;Yes;Yes;98020
DELL;Intel;16;DDR4;Windows;64;2;Casual;14;1;No;Yes;69490
ASUS;Intel;8;DDR4;Windows;64;0;Casual;15.6;1;No;No;38490
acer;Intel;;;Missing;32;0;Casual;0;0;No;No;99990
ASUS;Intel;4;DDR4;Windows;64;0;Casual;0;0;No;No;22990
APPLE;Intel;16;LPDDR4X;Mac;64;0;Casual;13;1;No;No;179990
HP;MediaTek;4;DDR4;Missing;32;0;Casual;0;0;No;No;22990
DELL;Intel;16;DDR4;Windows;64;0;Casual;14;1;Yes;Yes;89390
ASUS;Intel;8;LPDDR4X;Windows;64;0;ThinNlight;13.3;0;No;No;74990
DELL;Intel;8;DDR4;Windows;64;0;ThinNlight;14;1;No;Yes;54990
acer;AMD;;;Missing;32;6;Casual;0;0;No;No;93700
DELL;Intel;8;DDR4;Windows;32;0;Casual;15.6;0;No;No;43800
HP;Intel;16;DDR4;Windows;64;4;Casual;15.6;1;No;Yes;93190
Lenovo;Intel;4;DDR4;Windows;64;0;ThinNlight;15;1;No;Yes;38990
APPLE;Apple;16;Unified;Mac;64;0;Casual;14.2;1;No;No;225990
acer;AMD;4;DDR4;Windows;64;0;Casual;15.6;0;No;No;34990
Lenovo;Intel;8;DDR4;Windows;64;0;Casual;14;3;Yes;Yes;64990
Lenovo;Intel;8;DDR4;Windows;64;4;Casual;15.6;1;No;Yes;66490
DELL;AMD;8;DDR4;Windows;64;0;ThinNlight;15.6;0;No;No;40590
HP;Intel;8;DDR4;Windows;64;4;Gaming;15.6;1;No;Yes;71990
HP;AMD;16;DDR4;Windows;64;0;ThinNlight;13.3;1;Yes;Yes;92990
DELL;Intel;8;DDR4;Windows;64;0;ThinNlight;14;1;No;Yes;48990
DELL;Intel;16;DDR4;Windows;64;2;Casual;15.6;1;No;Yes;89702
Lenovo;Intel;4;DDR4;Windows;64;0;Casual;15.6;1;No;Yes;44990
ASUS;Intel;16;LPDDR4X;Windows;64;0;Casual;13.3;1;No;Yes;94990
Lenovo;Intel;16;DDR4;Windows;64;0;Casual;14;3;Yes;Yes;84990
HP;AMD;16;DDR4;Windows;64;2;Casual;14;1;No;Yes;63990
Lenovo;Intel;16;DDR4;Windows;64;2;Casual;15.6;1;No;Yes;70990
Lenovo;Intel;4;DDR4;Windows;64;0;ThinNlight;14;0;No;No;36490
ASUS;Intel;4;DDR4;Windows;64;0;Casual;15.6;1;No;No;25990
HP;Intel;8;DDR4;Missing;64;0;Casual;14;1;No;No;65390
ASUS;Intel;4;DDR4;Windows;64;0;Casual;15.6;1;No;No;25990
Infinix;Intel;8;LPDDR4X;Windows;64;0;ThinNlight;14;0;No;No;42490
HP;Intel;16;DDR4;Windows;64;6;Casual;15.6;1;No;Yes;144690
Lenovo;Intel;8;DDR4;Windows;32;0;Casual;15.6;0;No;No;38990
DELL;Intel;8;DDR4;Windows;64;2;Casual;15.6;1;No;No;69900
Lenovo;Intel;8;DDR4;Windows;64;0;ThinNlight;15.6;2;No;Yes;42990
Lenovo;Intel;8;DDR4;Windows;64;2;Casual;15.6;1;No;Yes;65990
ASUS;Intel;4;DDR4;Windows;64;0;ThinNlight;15.6;1;No;No;34990
ASUS;AMD;8;DDR4;Windows;32;0;ThinNlight;15.6;1;No;Yes;49890
MSI;Intel;;;Missing;32;6;Casual;0;0;No;No;291190
ASUS;Intel;16;DDR4;Windows;64;0;Casual;17.3;1;Yes;Yes;58990
Lenovo;Intel;8;DDR4;Windows;32;0;Casual;15.6;0;No;No;38970
Lenovo;Intel;8;DDR4;Windows;64;2;Casual;15.6;1;No;Yes;57500
ASUS;Intel;8;DDR4;Windows;64;0;Casual;15.6;1;No;No;38900
DELL;AMD;8;DDR4;Windows;64;0;ThinNlight;15.6;1;No;Yes;49990
ASUS;Intel;16;LPDDR4X;Windows;64;0;ThinNlight;13.3;0;No;No;99990
DELL;Intel;8;DDR4;Windows;64;2;Casual;14;1;Yes;Yes;79990
DELL;AMD;8;DDR4;Windows;64;0;ThinNlight;14;1;No;Yes;59490
ASUS;Intel;4;DDR4;Windows;64;0;Casual;15.6;0;No;No;30780
HP;AMD;16;DDR4;Windows;64;0;ThinNlight;13.3;1;No;Yes;84190
MSI;Intel;8;DDR4;Windows;64;0;Casual;14;0;No;No;56541
ASUS;Intel;16;DDR4;Windows;64;0;ThinNlight;17.3;0;No;No;59990
DELL;AMD;8;DDR4;Windows;64;0;ThinNlight;15.6;0;No;No;37390
APPLE;Intel;16;LPDDR4X;Mac;64;0;Casual;13;1;No;No;179990
MSI;Intel;8;DDR4;Windows;64;0;ThinNlight;14;0;No;No;57990
Lenovo;Intel;16;DDR4;Windows;64;0;Casual;13;1;No;Yes;64990
ASUS;AMD;16;LPDDR4X;Windows;64;0;Casual;14;0;Yes;No;112990
HP;AMD;8;DDR4;Windows;64;0;Casual;13.3;1;Yes;Yes;73999
DELL;Intel;8;DDR4;Windows;64;0;ThinNlight;14;1;No;No;61290
ASUS;Intel;4;LPDDR4;Missing;32;0;Casual;0;0;No;No;20490
HP;Intel;16;DDR4;Windows;64;0;Casual;13.3;1;Yes;Yes;102990
Lenovo;Intel;8;DDR4;Windows;64;0;ThinNlight;14;1;No;Yes;54990
ALIENWARE;NVIDIA;15.6;Full;Missing;32;6;Casual;0;0;No;No;199990
DELL;Intel;8;DDR4;Windows;64;0;ThinNlight;15.6;1;No;No;39990
Lenovo;Intel;8;DDR4;Windows;64;0;Casual;13;1;No;Yes;59990
MSI;AMD;16;DDR4;Windows;64;0;Casual;15.6;0;No;No;146990
ASUS;Intel;16;DDR4;Windows;32;6;Casual;15.6;1;No;No;84990
ASUS;Intel;8;DDR4;Windows;64;0;Casual;14;1;No;No;49990
HP;Intel;8;DDR4;Windows;64;0;ThinNlight;15.6;1;No;Yes;45490
Lenovo;Intel;4;DDR4;Windows;64;0;ThinNlight;14;0;No;No;31799
HP;Intel;16;DDR4;Windows;64;0;ThinNlight;14;1;No;Yes;72500
Lenovo;Intel;8;DDR4;Windows;64;4;Gaming;15.6;0;No;No;59990
Lenovo;AMD;4;DDR4;Windows;64;0;ThinNlight;15.6;0;No;No;24990
DELL;AMD;8;DDR4;Windows;64;0;ThinNlight;15.6;1;No;Yes;60990
HP;Intel;8;DDR4;Windows;64;0;ThinNlight;15.6;1;No;Yes;44900
DELL;Intel;16;DDR4;Windows;64;4;Casual;15.6;1;No;No;99990
ASUS;AMD;8;DDR4;Windows;64;0;Casual;14.1;1;No;No;37990
ASUS;Intel;8;DDR4;Windows;64;0;ThinNlight;14.1;1;No;Yes;33990
DELL;AMD;8;DDR4;Windows;64;6;Casual;14.96;0;No;No;76190
Lenovo;Intel;16;DDR4;Windows;64;0;Casual;14;1;Yes;Yes;87990
DELL;Intel;8;DDR4;Windows;32;0;Casual;14.96;0;No;No;40890
DELL;Intel;4;DDR4;Windows;64;0;ThinNlight;14;1;No;Yes;43590
MSI;Intel;;;Missing;32;4;Casual;0;0;No;No;109590
ASUS;AMD;16;DDR5;Windows;64;4;Casual;15.6;0;No;No;106990
HP;Intel;8;DDR4;Windows;64;0;ThinNlight;14;0;No;No;57990
ASUS;Intel;16;DDR4;Windows;64;4;Gaming;17.3;0;No;No;94990
DELL;Intel;16;DDR4;Windows;64;0;ThinNlight;15.3;1;No;Yes;69490
Lenovo;Intel;16;DDR4;Windows;64;0;Casual;14;3;Yes;Yes;68990
Lenovo;Intel;16;DDR4;Windows;32;0;Casual;15.6;1;No;Yes;77990
DELL;NVIDIA;15.6;Full;Missing;32;8;Casual;0;0;No;No;179990
MSI;Intel;16;DDR4;Windows;64;6;Casual;15.6;2;No;No;119990
HP;Intel;8;DDR4;Windows;32;0;Casual;14.1;0;No;No;38799
ASUS;Intel;16;DDR4;Windows;32;4;Casual;16;1;No;No;194990
HP;Intel;16;DDR4;Windows;64;0;Casual;13.3;1;Yes;Yes;104000
ALIENWARE;NVIDIA;15.6;Full;Missing;32;8;Casual;0;0;No;No;345390
MSI;Intel;8;DDR4;Windows;64;2;Casual;14;0;No;No;76990
MSI;AMD;8;DDR4;Windows;64;0;Casual;14;1;No;No;49990
MSI;Intel;8;DDR4;Windows;64;0;ThinNlight;14;0;No;No;38990
DELL;Intel;8;DDR4;Windows;64;0;ThinNlight;14;1;No;Yes;58990
Lenovo;AMD;16;LPDDR4X;Windows;64;0;ThinNlight;13.3;3;Yes;Yes;74798
ASUS;AMD;16;DDR5;Windows;32;4;Casual;15.6;1;No;No;114990
MSI;Intel;16;DDR4;Windows;64;6;Casual;16;0;No;No;192990
SAMSUNG;Qualcomm;4;LPDDR4X;Windows;32;0;Casual;0;0;No;No;38990
ASUS;Intel;16;LPDDR4X;Windows;64;0;Casual;14;1;Yes;No;105990
MSI;Intel;16;LPDDR4X;Windows;64;0;Casual;14;1;No;No;79990
Lenovo;Intel;8;DDR4;Windows;64;0;ThinNlight;15.6;1;No;No;36990
ASUS;AMD;8;DDR4;Windows;64;0;Casual;14;1;No;No;58990
DELL;Intel;8;DDR4;Windows;64;0;ThinNlight;14;1;No;Yes;55490
ASUS;AMD;16;DDR4;Windows;64;0;Casual;14;1;No;No;92990
Lenovo;Intel;16;DDR4;Windows;64;0;ThinNlight;14;1;No;Yes;69990
HP;AMD;8;DDR4;Windows;32;4;Casual;16.1;0;No;No;68100
ASUS;Intel;8;DDR4;Windows;64;0;Casual;13.3;1;Yes;Yes;84990
DELL;Intel;8;DDR4;Windows;64;0;ThinNlight;15.6;0;No;No;59990
HP;Intel;8;DDR4;Windows;64;0;ThinNlight;15.6;1;No;Yes;39990
DELL;AMD;8;DDR4;Windows;64;0;ThinNlight;15.6;1;No;No;44390
ASUS;Intel;16;LPDDR3;Windows;64;2;Casual;14;1;No;Yes;124990
Lenovo;AMD;16;DDR4;Windows;64;0;ThinNlight;13.3;1;Yes;Yes;77990
DELL;Intel;8;LPDDR4X;Windows;64;0;ThinNlight;13.3;1;No;Yes;111890
DELL;Intel;16;DDR4;Windows;64;2;Casual;15.6;0;No;No;122410
DELL;Intel;8;DDR4;Windows;64;2;Casual;15.6;1;No;No;65990
ASUS;Intel;8;LPDDR4X;Windows;32;0;Casual;14;1;No;Yes;72990
HP;Intel;8;DDR4;Windows;64;0;Casual;14;1;Yes;Yes;69267
DELL;Intel;8;DDR4;Windows;64;0;Casual;15.6;1;No;No;44690
DELL;Intel;16;DDR4;Windows;64;0;ThinNlight;14;1;No;Yes;71090
HP;Intel;16;DDR4;Windows;64;0;Casual;13.3;1;Yes;No;179990
Lenovo;Intel;16;DDR4;Windows;32;4;Casual;16;3;No;Yes;81490
MSI;Intel;8;DDR4;Windows;64;4;Casual;15.6;2;No;No;74990
HP;AMD;8;DDR4;Windows;64;0;ThinNlight;15.6;1;No;Yes;44490
DELL;Intel;8;DDR4;Windows;64;0;ThinNlight;14;0;No;No;44427
acer;AMD;16;DDR4;Windows;64;4;Casual;14;1;No;No;99990
MSI;Intel;16;DDR4;Windows;64;4;Casual;15.6;2;Yes;No;154990
DELL;AMD;8;DDR4;Windows;32;0;Casual;15.6;0;No;No;57900
ASUS;Intel;8;LPDDR3;Windows;64;0;Casual;13.3;1;No;Yes;79990
ASUS;AMD;8;DDR4;Windows;32;4;Gaming;15.6;0;No;No;95990
Lenovo;Intel;8;DDR4;Windows;64;4;Gaming;15.6;0;No;No;74590
MSI;Intel;8;DDR4;Windows;64;0;Casual;14;1;No;No;55490
ASUS;Intel;8;DDR4;Windows;64;0;Casual;14;1;No;No;35990
acer;Intel;8;DDR4;Windows;64;2;Casual;15.6;1;No;Yes;59999
Lenovo;Intel;16;LPDDR4X;Windows;64;0;Casual;13.3;1;No;Yes;122990
DELL;Intel;8;DDR4;Windows;64;2;ThinNlight;14;1;No;Yes;66490
ASUS;Intel;8;DDR4;Windows;64;0;Casual;15.6;1;No;Yes;53400
HP;AMD;8;DDR4;Windows;64;0;ThinNlight;14;1;No;Yes;55090
acer;Intel;16;DDR4;Windows;64;8;Casual;15.6;1;No;No;159990
ASUS;AMD;16;LPDDR4X;Windows;64;0;Casual;14;0;Yes;No;91990
HP;Intel;16;DDR4;Windows;64;4;Gaming;15.6;1;No;Yes;90190
ASUS;Intel;8;DDR4;Windows;64;0;Casual;15.6;1;No;Yes;51649
ASUS;AMD;16;DDR4;Windows;64;0;Casual;15.6;1;No;Yes;56990
MSI;Intel;;;Missing;32;8;Casual;0;0;No;No;207290
DELL;Intel;8;DDR4;Windows;64;0;Casual;14;1;Yes;Yes;74500
DELL;Intel;16;LPDDR4X;Windows;64;0;ThinNlight;13.3;1;No;Yes;114990
HP;Intel;8;DDR4;Windows;64;0;ThinNlight;15.6;1;No;Yes;41990
DELL;Intel;8;DDR4;Windows;64;2;ThinNlight;14;0;No;No;61990
ASUS;Intel;8;DDR4;Windows;64;4;Casual;15.6;0;No;No;82990
acer;AMD;4;DDR4;Windows;64;0;Casual;14;1;No;No;29990
APPLE;Intel;16;LPDDR4X;Mac;64;0;Casual;13;1;No;No;159990
ASUS;Intel;8;DDR4;Windows;64;0;ThinNlight;15.6;1;No;No;46990
APPLE;Intel;8;DDR3;Mac;64;0;Casual;13.3;1;No;No;172090
HP;AMD;16;DDR4;Windows;64;0;Casual;13.3;1;No;Yes;84208
Lenovo;Intel;16;DDR4;Windows;32;0;Casual;14;0;Yes;No;88488
acer;Pre-installed;Dual;Cooling;Missing;32;4;Casual;0;0;No;No;129999
MSI;AMD;8;DDR4;Windows;64;0;Casual;15.6;0;No;No;64990
MSI;Intel;16;DDR4;Windows;64;4;Casual;15.6;1;No;No;109990
MSI;Intel;8;DDR4;Windows;64;4;Casual;15.6;0;No;No;74990
Lenovo;AMD;8;DDR4;Windows;64;0;Casual;14;1;No;Yes;60990
ASUS;Intel;32;DDR4;Windows;64;6;Casual;15.6;1;Yes;No;224990
DELL;Intel;;;Missing;32;0;ThinNlight;0;1;No;No;139990
HP;AMD;16;DDR4;Windows;64;8;Casual;15.6;1;No;No;159990
MSI;Intel;8;DDR4;Windows;64;0;Casual;14;1;No;No;56490
ASUS;Intel;8;DDR4;Windows;32;2;Casual;15.6;0;No;No;58990
DELL;AMD;8;DDR4;Windows;64;0;ThinNlight;15.6;1;No;Yes;52632
ASUS;AMD;16;DDR4;Windows;64;0;Casual;14;1;No;No;104990
ASUS;AMD;8;DDR4;Windows;64;0;Casual;14;1;No;Yes;76990
ASUS;Intel;8;DDR4;Windows;64;0;ThinNlight;14;0;No;No;31990
MSI;Intel;8;DDR4;Windows;64;4;Casual;15.6;0;No;No;86990
Lenovo;Intel;16;DDR4;Windows;64;0;ThinNlight;13.3;3;No;No;147000
ASUS;Intel;16;DDR4;Windows;64;4;Casual;15.6;1;No;No;87990
HP;Intel;8;DDR4;Windows;64;0;ThinNlight;15.6;1;No;Yes;47990
acer;Intel;8;DDR3;Windows;64;0;ThinNlight;13.3;1;No;Yes;86867
DELL;AMD;8;DDR4;Windows;64;0;Casual;15.6;1;No;Yes;39990
Lenovo;Intel;4;DDR4;Windows;64;0;Casual;15.6;1;No;Yes;40200
Lenovo;Intel;8;DDR4;Windows;64;0;ThinNlight;14;1;No;Yes;55990
HP;Intel;8;DDR4;Windows;64;4;Gaming;15.6;1;No;Yes;77990
MSI;Intel;16;LPDDR4X;Windows;64;0;Casual;14;1;No;No;89990
MSI;Intel;32;DDR5;Windows;64;8;Casual;15.6;0;No;No;279990
HP;Intel;16;DDR4;Windows;64;4;Casual;15.6;1;No;Yes;106490
Lenovo;Intel;16;DDR4;Windows;32;2;Casual;14;1;No;Yes;70990
ASUS;Intel;32;DDR5;Windows;64;6;Casual;15.6;0;No;No;299990
ASUS;AMD;16;LPDDR4X;Windows;64;4;Casual;13.4;1;Yes;No;114990
HP;Intel;8;DDR4;Windows;64;4;Casual;15.6;1;No;No;116941
MICROSOFT;Intel;8;LPDDR4X;Windows;64;0;Casual;13;0;Yes;No;100190
ASUS;Intel;4;DDR4;Windows;64;0;Casual;0;0;No;No;26990
Lenovo;Intel;16;DDR4;Windows;64;0;ThinNlight;14;3;Yes;No;155411
HP;Intel;16;LPDDR3;Windows;64;0;Casual;13.3;1;Yes;Yes;239759
Lenovo;Intel;8;DDR4;Windows;64;0;Casual;15.6;1;No;Yes;64990
acer;AMD;;;Missing;32;4;Casual;0;0;No;No;72990
Lenovo;Intel;8;DDR4;Windows;32;0;Casual;14;0;No;No;40990
DELL;Intel;8;DDR4;Windows;64;0;ThinNlight;14.96;1;No;No;42490
HP;AMD;8;DDR4;Windows;64;4;Gaming;15.6;1;No;No;80000
ASUS;Intel;4;DDR4;Windows;64;0;Casual;15.6;0;No;No;29890
acer;AMD;8;DDR4;Windows;64;0;Casual;15.6;1;No;No;44990
acer;Intel;8;DDR4;Windows;64;0;Casual;15.6;1;No;No;57990
HP;AMD;8;DDR4;Windows;64;0;ThinNlight;15.6;1;No;Yes;53490
LG;Intel;8;DDR4;Windows;64;0;Casual;15.6;0;No;No;76990
DELL;Intel;8;DDR4;Windows;32;0;Casual;15.6;0;No;No;43970
HP;Intel;16;DDR4;Windows;64;4;Casual;16.1;0;No;No;121990
acer;Intel;4;DDR4;Windows;64;0;Casual;15.6;1;No;No;30990
HP;Intel;16;DDR4;Windows;64;4;Casual;16.1;0;No;No;116990
APPLE;Apple;16;DDR4;Mac;64;0;Casual;13.3;1;No;No;124990
ASUS;Intel;8;DDR4;Windows;64;0;Casual;15.6;0;No;No;40990
Lenovo;Intel;16;DDR4;Windows;64;6;Casual;16;0;No;No;151098
ASUS;Intel;8;DDR4;Windows;64;2;Casual;15.6;1;No;Yes;78990
DELL;NVIDIA;;;Missing;32;4;Casual;0;0;No;No;95990
DELL;Intel;16;DDR3;Windows;64;0;ThinNlight;13.3;1;No;Yes;121890
realme;Intel;8;DDR4;Windows;64;0;ThinNlight;14;1;No;Yes;47999
ASUS;Intel;4;DDR4;Missing;64;0;Casual;15.6;0;No;No;35990
ASUS;Intel;8;DDR4;Windows;64;4;Gaming;15.6;1;No;No;64990
ASUS;Intel;8;LPDDR3;Windows;64;0;ThinNlight;14;1;No;No;85990
DELL;Intel;4;DDR4;Windows;64;0;ThinNlight;14;1;No;Yes;43990
MSI;Intel;8;DDR4;Windows;64;0;Casual;14;1;No;No;54990
HP;Intel;;;Missing;32;4;Casual;0;0;No;No;102551
DELL;Intel;8;DDR4;Windows;64;0;Casual;14;0;Yes;No;71999
ASUS;AMD;16;LPDDR4X;Windows;64;4;Casual;13.4;1;Yes;Yes;124990
Lenovo;AMD;16;DDR4;Windows;64;4;Casual;15.6;1;No;Yes;84988
Lenovo;AMD;8;DDR4;Windows;64;4;Casual;15.6;0;No;No;76498
MSI;Intel;16;DDR4;Windows;64;4;Casual;15.6;2;No;No;94990
HP;AMD;16;DDR4;Windows;64;4;Casual;15.6;1;No;No;90990
Vaio;Intel;8;DDR4;Windows;64;0;ThinNlight;14;2;No;Yes;62890
MICROSOFT;AMD;8;DDR4;Windows;64;0;Casual;15;0;Yes;No;99990
ASUS;AMD;4;DDR4;Windows;64;0;ThinNlight;15.6;1;No;Yes;34500
DELL;AMD;8;DDR4;Windows;64;4;Casual;14.96;1;No;No;98920
Lenovo;AMD;16;DDR4;Windows;64;6;Casual;15.6;1;No;Yes;130990
LG;Intel;8;DDR4;Windows;64;0;ThinNlight;14;0;No;No;76990
ASUS;AMD;16;DDR4;Windows;64;0;Casual;15.6;1;No;No;99990
HP;Intel;16;LPDDR4X;Windows;64;0;Casual;13.5;0;Yes;No;111999
MSI;Intel;;;Missing;32;8;Casual;0;0;No;No;179990
ASUS;Intel;8;DDR4;Windows;64;0;Casual;15.6;1;No;No;39990
MSI;Intel;16;DDR4;Windows;64;8;Casual;15.6;2;No;No;129990
ASUS;AMD;16;LPDDR4X;Windows;64;0;Casual;14;0;Yes;No;134990
Lenovo;Intel;8;LPDDR4X;Windows;64;2;Casual;14;1;No;Yes;70798
DELL;AMD;8;DDR4;Windows;64;0;ThinNlight;14;0;No;No;40590
Lenovo;Intel;8;DDR4;Windows;64;4;Casual;15.6;0;No;No;59990
MSI;AMD;8;DDR4;Windows;64;0;Casual;15.6;0;No;No;54990
ASUS;Intel;4;DDR4;Windows;64;0;Casual;14;1;No;No;40990
ASUS;Intel;32;DDR4;Windows;64;6;Casual;15.6;1;Yes;No;269990
acer;Intel;8;DDR4;Windows;64;4;Casual;15.6;1;No;No;99500
ASUS;Intel;8;DDR4;Windows;64;0;ThinNlight;14;1;No;No;48990
HP;Intel;16;LPDDR4X;Windows;64;0;Casual;13.5;1;Yes;No;149999
HP;Intel;8;DDR4;Windows;64;0;ThinNlight;14;1;No;Yes;55990
ASUS;AMD;16;DDR5;Windows;64;4;Casual;15.6;0;No;No;112990
Vaio;AMD;8;DDR4;Windows;64;0;ThinNlight;15.6;2;No;Yes;56990
ASUS;Intel;8;DDR4;Windows;64;0;Casual;15.6;1;No;No;64990
Lenovo;Intel;8;DDR4;Windows;64;0;Casual;15.6;1;No;Yes;41998
Lenovo;AMD;16;DDR4;Windows;64;0;Casual;14;1;No;Yes;77988
MSI;Intel;16;DDR4;Windows;64;6;Casual;15.6;0;No;No;139990
ASUS;Intel;8;LPDDR3;Windows;64;0;ThinNlight;13.3;1;No;No;72990
HP;AMD;16;DDR4;Windows;64;8;Casual;16.1;1;No;Yes;141990
ASUS;Intel;4;LPDDR4X;Windows;64;0;Casual;0;0;No;No;45990
ALIENWARE;NVIDIA;15.6;Full;Missing;32;6;Casual;0;0;No;No;214790
ASUS;Intel;4;DDR4;Windows;32;0;Casual;All;0;No;No;21990
HP;Intel;8;DDR4;Windows;64;0;ThinNlight;14;1;No;No;39790
ASUS;AMD;8;DDR4;Windows;64;0;Casual;14;1;No;Yes;76000
acer;Intel;16;DDR4;Windows;64;6;Casual;15.6;1;No;No;129990
acer;Intel;8;DDR3;Windows;64;0;ThinNlight;14;1;No;No;64990
ASUS;Intel;8;DDR4;Windows;64;0;ThinNlight;15.6;0;No;No;57990
HP;Intel;16;DDR4;Windows;64;8;Casual;16.1;1;No;Yes;171990
ASUS;Intel;8;DDR4;Windows;64;0;ThinNlight;15.6;1;No;Yes;42990
Smartron;Intel;4;DDR3;Windows;64;0;Casual;12.2;0;Yes;No;52990
ASUS;AMD;8;DDR4;Windows;64;0;Casual;14;1;No;No;63990
acer;AMD;8;DDR4;Windows;64;0;Casual;15.6;1;No;No;49990
Lenovo;AMD;8;DDR4;Windows;64;0;Casual;14;1;No;Yes;63990
HP;AMD;8;DDR4;Windows;64;0;ThinNlight;14;1;No;Yes;57999
MSI;Intel;;;Missing;32;6;Casual;0;0;No;No;145990
HP;Intel;16;DDR4;Windows;64;2;Casual;13.3;1;Yes;Yes;76990
DELL;AMD;8;DDR4;Windows;32;0;Casual;15.6;0;No;No;51990
ASUS;AMD;16;DDR4;Windows;64;0;Casual;15.6;1;No;No;129990
DELL;Intel;8;DDR4;Windows;64;2;Casual;15.6;0;No;No;66490
DELL;Intel;4;DDR4;Windows;64;0;ThinNlight;15.6;1;No;No;36000
ASUS;AMD;16;LPDDR4X;Windows;64;4;Casual;13.4;1;Yes;No;99990
Lenovo;Intel;8;DDR4;Windows;64;0;Casual;15.6;2;No;Yes;62998
ASUS;Intel;8;DDR4;Windows;32;0;Casual;15.6;0;No;No;41990
DELL;Intel;16;DDR4;Windows;64;0;Casual;14;1;Yes;Yes;77990
ASUS;Intel;;;Missing;32;4;Casual;0;0;No;No;106167
MICROSOFT;Intel;8;DDR3;Windows;64;0;Casual;13.5;0;Yes;No;91999
ASUS;AMD;8;DDR4;Windows;32;4;Casual;14;0;No;No;72400
Lenovo;Intel;4;DDR4;Windows;64;0;Casual;15.6;2;No;Yes;39999
HP;Intel;8;DDR4;Windows;64;0;Casual;13.3;1;Yes;Yes;114990
HP;AMD;8;DDR4;Windows;32;0;Casual;15.6;0;No;No;52380
ASUS;AMD;32;LPDDR4X;Windows;64;4;Casual;13.4;1;Yes;Yes;142990
ASUS;AMD;16;DDR4;Windows;64;0;Casual;14;1;No;No;121990
DELL;Intel;8;DDR4;Windows;64;2;Casual;15.6;1;No;Yes;65990
DELL;Intel;16;DDR4;Windows;64;2;Casual;14;1;No;Yes;88990
DELL;Intel;16;DDR4;Windows;64;2;Casual;15.6;1;No;Yes;93955
Lenovo;AMD;16;DDR4;Windows;64;0;Casual;13.3;1;Yes;No;78990
LG;Intel;8;DDR4;Windows;64;0;Casual;14;0;No;No;62990
ASUS;Intel;32;DDR4;Windows;64;8;Casual;15.6;0;No;No;234990
DELL;Intel;4;DDR4;Windows;64;0;ThinNlight;14;1;No;Yes;43590
ASUS;Intel;4;DDR4;Windows;32;0;Casual;14;0;No;No;39990
HP;Intel;16;LPDDR4X;Windows;64;0;Casual;13.3;1;Yes;Yes;128500
Lenovo;Intel;8;DDR4;Windows;64;0;Casual;13.3;0;No;No;113590
DELL;Intel;4;DDR4;Windows;64;0;ThinNlight;14;1;No;Yes;41390
ASUS;Intel;8;DDR4;Windows;32;0;ThinNlight;14;0;No;No;35590
Mi;Intel;8;DDR4;Windows;64;2;Casual;14;1;No;No;54990
ASUS;Intel;8;DDR4;Windows;32;0;ThinNlight;15.6;0;No;No;82500
DELL;Intel;8;DDR4;Windows;64;0;ThinNlight;15.6;0;No;No;55990
ASUS;Intel;8;LPDDR4X;Windows;64;0;Casual;14;1;Yes;Yes;73990
ASUS;Intel;8;DDR4;Windows;64;0;Casual;15.6;1;No;No;44890
Lenovo;AMD;16;LPDDR4X;Windows;64;0;ThinNlight;13.3;3;Yes;Yes;81978
ASUS;AMD;8;DDR4;Windows;64;0;Casual;14;1;No;No;111000
Lenovo;Intel;16;DDR4;Windows;64;0;Casual;14;1;Yes;Yes;102990
Lenovo;Intel;8;DDR4;Windows;64;0;Casual;15.6;0;No;No;39998
HP;Intel;16;DDR4;Windows;64;4;Gaming;15.6;1;No;Yes;92000
HP;AMD;8;DDR4;Windows;64;4;Gaming;15.6;1;No;No;59990
LG;Intel;8;DDR4;Windows;64;0;ThinNlight;16;0;No;No;86990
HP;Intel;8;DDR4;Windows;64;0;ThinNlight;14;1;No;Yes;42490
MSI;Intel;8;DDR4;Windows;64;4;Casual;15.6;2;No;No;52990
HP;Intel;8;DDR4;Windows;64;0;ThinNlight;15.6;1;No;Yes;61000
acer;AMD;8;DDR4;Windows;64;0;ThinNlight;15.6;1;No;No;59990
ASUS;Intel;8;LPDDR4X;Windows;64;0;Casual;14;1;Yes;No;99990
ASUS;AMD;32;LPDDR4X;Windows;64;4;Casual;13.4;1;Yes;Yes;124990
acer;Intel;16;DDR4;Windows;64;6;Casual;15.6;1;No;No;119990
ASUS;AMD;16;DDR5;Windows;32;4;Casual;15.6;1;No;No;111990
Lenovo;Intel;8;DDR4;Windows;64;0;ThinNlight;15.6;1;No;Yes;67990
acer;AMD;8;DDR4;Windows;64;0;ThinNlight;15.6;1;No;No;49990
HP;AMD;16;DDR4;Windows;32;0;Casual;13.3;0;Yes;No;109000
DELL;Intel;8;DDR4;Windows;64;4;Casual;15.6;0;No;No;77900
DELL;Intel;8;DDR4;Windows;64;0;Casual;14;1;Yes;Yes;70799
HP;AMD;8;DDR4;Windows;64;0;ThinNlight;14;1;No;Yes;52500
lenovo;Intel;;;Missing;32;0;Casual;0;0;No;No;171998
Lenovo;Intel;4;DDR4;Windows;32;2;Casual;14;0;No;No;57999
Lenovo;Intel;8;DDR3;Windows;64;0;Casual;15.6;0;No;No;52490
ASUS;Intel;16;LPDDR4X;Windows;64;0;Casual;14;1;Yes;No;119990
Lenovo;Intel;4;DDR4;Windows;64;4;Casual;15.6;1;No;No;56990
Lenovo;Intel;8;DDR4;Windows;64;0;ThinNlight;15.6;1;No;Yes;65990
acer;Intel;8;DDR3;Windows;64;0;ThinNlight;14;1;Yes;Yes;81998
ASUS;AMD;16;DDR4;Windows;64;6;Casual;15.6;0;No;No;141990
ASUS;Intel;8;DDR4;Windows;64;0;ThinNlight;14;1;No;No;53690
DELL;Intel;;;Missing;32;4;Casual;0;1;No;No;68090
MSI;Intel;16;DDR4;Windows;64;4;Casual;15.6;3;No;No;159990
ASUS;Intel;4;DDR4;Windows;32;0;Casual;13.3;0;Yes;No;58100
Vaio;AMD;8;DDR4;Windows;64;0;ThinNlight;15.6;2;No;Yes;49590
ASUS;AMD;16;DDR4;Windows;64;4;Casual;16;1;No;No;162990
MSI;Intel;8;DDR4;Windows;64;0;ThinNlight;14;1;No;No;55990
ASUS;Intel;32;DDR4;Windows;32;6;Casual;17.3;1;No;No;441990
ASUS;Intel;8;DDR4;Windows;64;0;Casual;15.6;1;No;Yes;53190
Lenovo;Intel;8;DDR4;Windows;32;2;Casual;15.6;2;No;Yes;58999
ASUS;Intel;8;DDR4;Windows;64;4;Casual;17.3;0;No;No;84500
Lenovo;Intel;8;DDR4;Windows;32;0;Casual;15.6;0;No;No;41990
ASUS;Intel;16;DDR4;Windows;32;6;Casual;15.6;0;No;No;120980
DELL;Intel;8;DDR4;Windows;64;2;ThinNlight;15.6;3;No;No;71990
HP;Intel;4;DDR4;Windows;64;0;ThinNlight;14;1;No;Yes;36490
HP;Intel;8;DDR4;Windows;32;4;Casual;16.1;0;No;No;82000
ASUS;Intel;8;DDR4;Windows;32;0;Casual;15.6;0;No;No;48490
ASUS;Intel;8;DDR4;Windows;64;0;ThinNlight;15.6;1;No;Yes;38990
ASUS;Intel;16;DDR4;Windows;32;6;Casual;16;1;No;No;157249
ASUS;AMD;8;DDR4;Windows;64;0;ThinNlight;15.6;1;No;Yes;49990
ALIENWARE;NVIDIA;15.6;Full;Missing;32;8;Casual;0;0;No;No;269290
ASUS;Intel;16;LPDDR4X;Windows;64;0;ThinNlight;13.3;0;No;No;84990
DELL;Intel;8;DDR4;Windows;64;2;Casual;15.6;0;No;No;67490
acer;AMD;8;DDR4;Windows;64;0;ThinNlight;15.6;1;No;No;75999
ASUS;AMD;16;DDR4;Windows;64;0;Casual;16;1;No;No;130500
Lenovo;Intel;16;DDR4;Windows;64;4;ThinNlight;15.6;0;No;No;229900
HP;Intel;8;DDR4;Windows;64;0;ThinNlight;14;1;No;Yes;44376
HP;Intel;16;DDR4;Windows;64;0;Casual;13.3;1;Yes;No;162990
acer;AMD;4;DDR4;Windows;64;0;Casual;15.6;1;No;No;31990
acer;Intel;;;Missing;32;0;Casual;0;1;No;No;119990
ASUS;Intel;8;DDR4;Windows;64;0;ThinNlight;14;1;No;Yes;32990
Lenovo;Intel;8;DDR4;Windows;64;2;Casual;15.6;0;No;No;89998
DELL;Intel;16;LPDDR4X;Windows;64;0;ThinNlight;13.3;1;No;Yes;135300
MSI;Intel;8;DDR4;Windows;64;0;Casual;14;0;No;No;64990
acer;Intel;8;DDR4;Windows;64;2;ThinNlight;15.6;1;No;No;61990
ASUS;AMD;8;DDR4;Windows;64;4;Casual;14;0;No;No;116990
ASUS;Intel;8;LPDDR4X;Windows;64;0;Casual;14;1;Yes;No;99990
ASUS;Intel;4;DDR4;Windows;64;0;Casual;14;1;No;No;41490
ASUS;Intel;16;DDR4;Windows;64;6;Casual;15.6;1;No;No;131500
ASUS;Intel;8;LPDDR4X;Windows;64;0;ThinNlight;13.3;0;No;No;84990
Lenovo;Intel;8;DDR4;Windows;64;4;Gaming;15.6;0;No;No;69899
DELL;Intel;8;DDR4;Windows;64;0;ThinNlight;14;1;No;Yes;61990
DELL;Intel;8;DDR4;Windows;64;4;Casual;15.6;1;No;No;79990
ASUS;AMD;16;DDR4;Windows;32;6;Casual;14;0;No;No;138990
DELL;Intel;8;DDR4;Windows;64;4;Casual;15.6;1;No;No;76300
DELL;Intel;4;DDR4;Windows;64;0;ThinNlight;14;1;No;Yes;44290
DELL;Intel;8;DDR4;Windows;32;0;Casual;15;0;No;No;58090
DELL;AMD;16;DDR4;Windows;64;6;Casual;15.6;0;No;No;89990
Lenovo;AMD;16;DDR4;Windows;64;0;Casual;13.3;3;Yes;Yes;78988
Lenovo;Intel;8;DDR4;Windows;64;0;Casual;15.6;1;No;Yes;55999
DELL;Intel;8;DDR4;Windows;64;0;ThinNlight;14;0;No;No;72900
Lenovo;Intel;16;DDR4;Windows;64;0;ThinNlight;13.3;3;No;No;174527
DELL;Intel;8;DDR4;Windows;64;0;Casual;14;1;Yes;Yes;73990
Lenovo;Intel;8;DDR4;Windows;64;0;ThinNlight;14;3;Yes;No;125394
ASUS;AMD;32;LPDDR4X;Windows;64;4;Casual;13.4;1;Yes;Yes;234990
ASUS;AMD;8;DDR4;Windows;64;0;Casual;17.3;1;No;Yes;62990
DELL;Intel;8;DDR4;Windows;64;0;Casual;15.6;1;No;No;48999
ASUS;Intel;16;LPDDR4;Windows;64;0;ThinNlight;13.3;0;No;No;84990
DELL;Intel;16;DDR4;Windows;32;2;Casual;15.6;0;No;No;73519
Lenovo;AMD;16;DDR4;Windows;64;4;Casual;15.6;0;No;No;73138
ASUS;Intel;16;LPDDR3;Windows;64;0;Casual;14;0;No;No;154990
HP;Intel;8;DDR4;Windows;64;0;Casual;13.3;1;Yes;No;126000
Lenovo;Intel;8;DDR4;Windows;64;0;ThinNlight;13.3;0;No;No;162299
ASUS;Intel;4;DDR4;Windows;32;0;ThinNlight;15.6;0;No;No;33990
ASUS;First;NVIDIA;GTX;Missing;64;4;Casual;0;0;No;No;209690
ASUS;Intel;8;DDR4;Missing;32;2;Casual;14;0;No;No;69990
LG;Intel;8;DDR4;Windows;64;0;ThinNlight;14;0;No;No;76990
ASUS;Intel;16;DDR4;Windows;64;6;Casual;15.6;1;No;No;88990
ASUS;AMD;16;DDR4;Windows;64;0;Casual;13.3;1;No;No;80990
Avita;AMD;8;DDR4;Windows;64;0;ThinNlight;14;0;No;No;24990
DELL;AMD;8;DDR4;Windows;64;0;Casual;15.6;1;No;No;43990
HP;Intel;16;DDR4;Windows;64;0;ThinNlight;13.5;1;Yes;Yes;114999
DELL;Intel;8;DDR4;Windows;32;0;Casual;15.6;0;No;No;43900
acer;Pre-installed;Acer;Master;Missing;32;4;Casual;6th;0;No;No;116640
DELL;Intel;16;DDR4;Windows;64;2;Casual;14;1;Yes;Yes;82990
DELL;Intel;8;DDR4;Windows;64;0;Casual;15.6;1;No;No;46690
acer;Intel;8;DDR4;Windows;64;0;ThinNlight;14;0;Yes;No;109999
ASUS;AMD;16;DDR4;Windows;64;0;Casual;15.6;1;No;No;135990
ASUS;Intel;16;LPDDR3;Windows;64;0;Casual;14;0;No;No;165990
Lenovo;Intel;16;DDR4;Windows;64;0;ThinNlight;14;1;Yes;Yes;82990
ASUS;Intel;8;DDR4;Windows;64;0;Casual;14;0;No;No;56990
Lenovo;Intel;16;LPDDR4X;Windows;64;0;ThinNlight;14;0;No;No;119990
DELL;Intel;8;DDR4;Windows;64;2;Casual;14;1;Yes;Yes;79990
Lenovo;AMD;16;DDR4;Windows;32;0;Casual;14;0;No;No;80490
DELL;Intel;8;DDR4;Windows;64;0;Casual;13.3;1;Yes;Yes;109190
DELL;Intel;8;DDR4;Windows;64;0;Casual;15.6;1;No;Yes;43400
ASUS;Intel;16;LPDDR4X;Windows;64;0;Casual;14;1;Yes;No;114990
HP;Intel;16;LPDDR4X;Windows;64;0;Casual;13.5;1;Yes;No;129999
Lenovo;Intel;4;DDR4;Windows;32;0;Casual;15.6;0;No;No;40990
Lenovo;Intel;4;DDR4;Missing;64;0;Casual;15;0;No;No;38999
HP;Intel;8;DDR4;Windows;32;0;ThinNlight;15.6;1;No;No;50990
DELL;Intel;4;DDR4;Windows;64;0;Casual;15.6;1;No;Yes;58990
MSI;512;Pre-installed;Windows;Missing;32;6;Casual;8th;0;No;No;149990
HP;Intel;16;DDR4;Windows;64;0;Casual;14;1;Yes;Yes;99999
acer;Intel;8;DDR4;Windows;64;0;ThinNlight;15.6;1;No;No;61597
DELL;Intel;16;DDR4;Windows;64;2;Casual;15.6;0;No;No;71290
ASUS;Intel;;;Missing;32;6;Casual;0;0;No;No;146490
Lenovo;Intel;8;DDR4;Windows;64;4;Gaming;15.6;0;No;No;74999
Lenovo;AMD;16;DDR4;Windows;64;4;Casual;15.6;1;No;No;106990
MSI;Intel;16;DDR4;Windows;64;2;Casual;14;1;No;No;104990
ASUS;First;NVIDIA;GTX;Missing;64;4;Casual;0;0;No;No;175190
HP;Intel;8;DDR4;Windows;64;0;ThinNlight;15.6;1;No;Yes;40750
DELL;Intel;4;DDR4;Windows;64;0;ThinNlight;14;1;No;Yes;39990
ASUS;Intel;8;DDR4;Windows;64;0;ThinNlight;14;0;No;No;81990
ASUS;Intel;16;LPDDR3;Windows;64;0;Casual;14;0;No;No;167990
ASUS;AMD;8;DDR4;Windows;32;4;Casual;15.6;0;No;No;79990
DELL;Intel;8;DDR4;Windows;64;0;ThinNlight;14;1;No;Yes;79500
ASUS;Intel;8;DDR4;Windows;64;2;Casual;14;0;No;No;93990
DELL;Intel;8;DDR4;Windows;64;2;Casual;14;1;No;Yes;82990
ASUS;AMD;16;DDR4;Windows;64;0;Casual;14;1;No;No;144990
ASUS;Intel;4;DDR4;Windows;64;0;Casual;14;0;No;No;61249
DELL;Intel;8;DDR4;Windows;64;0;ThinNlight;15.6;1;No;Yes;43000
DELL;Intel;8;DDR4;Windows;64;2;Casual;15.6;1;No;Yes;70980
acer;AMD;4;DDR4;Windows;64;0;Casual;15.6;1;No;No;31990
ASUS;Intel;16;LPDDR4X;Windows;64;0;ThinNlight;13.3;0;Yes;No;109990
ASUS;Intel;16;DDR3;Windows;64;0;ThinNlight;13.3;1;No;No;99990
iball;Intel;4;DDR3;Windows;64;0;Casual;0;0;No;No;13990
ASUS;Intel;8;LPDDR4X;Windows;64;0;Casual;14;1;Yes;No;99990
ASUS;Intel;8;DDR4;Windows;64;0;ThinNlight;14;0;No;No;98912
HP;Intel;8;DDR4;Windows;64;0;ThinNlight;15.6;1;No;Yes;48900
HP;Intel;8;DDR4;Windows;64;0;Casual;13.3;1;Yes;Yes;136590
Lenovo;Intel;16;DDR4;Windows;64;2;ThinNlight;14;0;No;No;244801
DELL;Intel;8;DDR4;Windows;64;0;ThinNlight;15.6;1;No;No;39990
Lenovo;AMD;8;DDR4;Windows;32;0;Casual;15.6;1;No;No;59900
HP;Intel;8;DDR4;Windows;32;0;Casual;13.3;0;No;No;94000
Lenovo;Intel;;;Missing;32;2;Casual;0;0;No;No;46990
ASUS;Intel;16;LPDDR3;Windows;64;0;Casual;14;0;No;No;233990
HP;Intel;16;LPDDR4X;Windows;64;0;Casual;13.5;1;Yes;No;165000
DELL;Intel;16;DDR4;Windows;64;2;Casual;14;0;Yes;No;82990
DELL;Intel;8;DDR4;Windows;64;4;Casual;13.3;1;No;Yes;87990
ASUS;Intel;16;LPDDR4X;Windows;64;0;ThinNlight;13.3;0;No;No;94990
MSI;Intel;16;LPDDR4X;Windows;64;0;Casual;14;1;No;No;79990
Avita;AMD;4;DDR4;Windows;64;0;ThinNlight;14;0;No;No;19990
HP;AMD;8;DDR4;Windows;64;0;ThinNlight;14;1;No;No;52990
Lenovo;Intel;8;DDR4;Windows;64;0;ThinNlight;13.3;1;No;Yes;86000
ASUS;Intel;8;DDR4;Windows;64;0;ThinNlight;14;0;No;No;85990
ASUS;Intel;8;DDR4;Windows;64;2;Casual;14;0;No;No;86990
ASUS;Intel;8;LPDDR3;Windows;64;2;Casual;14;1;No;Yes;105990
ASUS;Intel;4;DDR4;Windows;64;0;Casual;15.6;0;No;No;38000
Lenovo;Intel;16;DDR4;Windows;32;2;Casual;12;0;No;No;162399
Lenovo;Intel;4;DDR4;Windows;64;0;ThinNlight;15.6;0;No;No;43990
ASUS;AMD;8;DDR4;Windows;64;4;Casual;14;1;No;No;149990
DELL;AMD;16;DDR4;Windows;64;0;Casual;14;1;Yes;Yes;89570
HP;AMD;8;DDR4;Windows;64;0;ThinNlight;15.6;1;No;Yes;54590
ASUS;Intel;4;DDR4;Windows;64;0;Casual;14;1;No;No;40990
ASUS;Intel;8;LPDDR3;Windows;64;0;Casual;14;0;No;No;84990
ASUS;Intel;4;DDR4;Windows;64;0;ThinNlight;14;1;No;No;36990
ASUS;AMD;8;DDR4;Windows;64;0;ThinNlight;15.6;1;No;Yes;75100
Lenovo;Intel;8;DDR4;Windows;64;2;Casual;15.6;1;No;Yes;59999
DELL;Intel;8;DDR4;Windows;32;0;Casual;14;0;No;No;58990
HP;Intel;8;DDR4;Windows;32;0;Casual;14;0;No;No;119599
Lenovo;Pre-installed;Full;LED;Missing;32;4;Casual;0;0;No;No;77890
DELL;AMD;8;DDR4;Windows;64;0;Casual;14;1;Yes;Yes;75500
DELL;Intel;8;DDR4;Windows;64;0;Casual;15.6;0;No;No;41790
Lenovo;Intel;16;DDR4;Windows;64;0;Casual;14;1;No;Yes;91999
Lenovo;Intel;8;DDR4;Windows;64;0;Casual;14;1;Yes;Yes;57999
Lenovo;Intel;16;LPDDR3;Windows;64;0;ThinNlight;14;0;No;No;211753
ASUS;Intel;8;DDR4;Windows;64;0;Casual;15.6;1;No;Yes;68900
Lenovo;AMD;4;DDR4;Missing;64;0;Casual;14;0;No;No;21896
DELL;Intel;16;DDR4;Windows;64;0;Casual;14;1;Yes;Yes;78900
ASUS;Intel;8;DDR4;Windows;64;2;Casual;14;0;No;No;83990
ASUS;Intel;8;LPDDR3;Windows;64;0;Casual;14;0;No;No;132790
ASUS;AMD;16;DDR4;Windows;64;4;Casual;14;1;No;No;142990
HP;AMD;8;DDR4;Windows;64;0;ThinNlight;15.6;1;No;Yes;68500
Avita;AMD;4;DDR4;Windows;64;0;ThinNlight;14;0;No;No;21490
DELL;NVIDIA;15.6;Full;Missing;32;4;Casual;0;0;No;No;75500
HP;AMD;8;DDR4;Windows;64;0;ThinNlight;15.6;1;No;Yes;51890
ASUS;Intel;8;DDR4;Missing;32;2;Casual;14;0;No;No;58799
DELL;Intel;8;DDR4;Windows;64;0;ThinNlight;14.96;1;No;Yes;37990
HP;AMD;4;DDR4;Missing;32;0;Casual;14;0;No;No;20900
Nokia;Intel;16;DDR4;Windows;64;0;ThinNlight;14;0;No;No;55990
Lenovo;Intel;4;DDR4;Missing;32;0;Casual;14;0;No;No;49999
HP;MediaTek;4;LPDDR4X;Missing;32;0;Casual;0;0;No;No;22490
ASUS;Intel;4;LPDDR4;Missing;64;0;Casual;0;0;No;No;18990
HP;MediaTek;4;LPDDR4X;Missing;32;0;Casual;0;0;No;No;22990
DELL;Intel;8;DDR4;Windows;64;0;Casual;15.6;1;No;No;48500
ASUS;AMD;16;DDR4;Windows;64;0;Casual;17.3;1;No;No;78000
DELL;Intel;8;LPDDR4X;Windows;64;0;ThinNlight;13.3;0;No;No;74190
HP;Intel;4;DDR4;Missing;32;2;Casual;15.6;0;No;No;46200
HP;Intel;8;DDR4;Windows;64;2;Casual;15.6;1;No;Yes;64990
HP;Intel;4;DDR4;Missing;64;0;Casual;0;0;No;No;26470
Lenovo;Intel;8;DDR4;Windows;64;4;Gaming;15.6;0;No;No;60990
Lenovo;Intel;4;LPDDR4X;Missing;64;0;Casual;0;0;No;No;25990
Lenovo;Intel;16;DDR4;Windows;32;0;Casual;14;0;No;No;110999
Avita;AMD;8;DDR4;Windows;64;0;ThinNlight;14;0;No;No;24990
ASUS;Intel;4;LPDDR4;Missing;32;0;Casual;0;0;No;No;17990
DELL;Intel;8;DDR4;Windows;64;2;Casual;15.6;0;No;No;71695
Avita;Intel;8;DDR4;Windows;64;0;ThinNlight;13.3;0;No;No;65556
HP;Intel;4;DDR4;Missing;64;0;Casual;0;0;No;No;27990
HP;Intel;8;DDR4;Windows;64;2;Casual;15.6;0;No;No;49279
Avita;Intel;4;DDR4;Windows;64;0;Casual;0;0;No;No;17490
ASUS;Intel;16;DDR4;Windows;64;6;Gaming;15.6;1;No;No;139990
Avita;Intel;16;DDR4;Windows;64;0;ThinNlight;14;0;No;No;62990
HP;AMD;32;DDR4;Missing;32;4;Casual;14;0;No;No;26899
Lenovo;Intel;16;LPDDR4;Windows;64;0;Casual;13;1;No;Yes;85990
Lenovo;Intel;8;DDR4;Windows;32;0;Casual;15.6;0;No;No;38999
DELL;Intel;16;DDR4;Windows;64;0;ThinNlight;15.6;0;No;No;70190
Vaio;AMD;8;DDR4;Windows;64;0;ThinNlight;15.6;2;No;Yes;50990
DELL;Intel;8;DDR4;Windows;64;2;Casual;14;1;Yes;No;79590
HP;AMD;16;DDR4;Windows;64;0;ThinNlight;14;1;No;Yes;59999
HP;AMD;4;DDR4;Windows;64;0;Casual;15.6;1;No;No;32917
Avita;Intel;8;DDR4;Windows;64;0;ThinNlight;13.3;0;No;No;65556
HP;M.2;Intel;i5;Missing;32;0;ThinNlight;0;0;No;No;55990
ASUS;Intel;8;DDR4;Windows;64;4;Casual;15.6;1;No;No;76990
ASUS;Intel;8;DDR4;Windows;64;0;Casual;15.6;0;No;No;48990
HP;Intel;16;DDR4;Windows;64;2;Casual;13.3;1;No;Yes;94990
Nokia;Intel;8;DDR4;Windows;64;0;ThinNlight;14;0;No;No;52790
DELL;Intel;16;DDR4;Windows;64;4;Casual;15.6;1;No;No;99990
HP;Intel;16;DDR4;Windows;64;6;Casual;16.1;1;No;Yes;136990
DELL;Intel;8;DDR4;Windows;64;0;ThinNlight;15.6;0;No;No;45930
Lenovo;AMD;16;DDR4;Windows;64;0;Casual;14;1;No;No;73400
HP;Intel;8;DDR4;Windows;64;0;Casual;14;1;Yes;Yes;55490
Avita;Intel;8;DDR4;Windows;64;0;ThinNlight;13.3;0;No;No;65556
acer;Intel;;;Missing;32;0;Casual;0;0;No;No;94190
Vaio;AMD;8;DDR4;Windows;64;0;ThinNlight;15.6;2;No;Yes;57990
Lenovo;Intel;16;DDR4;Windows;64;8;Casual;15.6;1;No;Yes;234990
HP;Intel;8;DDR4;Missing;64;0;Casual;14;1;Yes;No;56490
Avita;Intel;8;DDR4;Windows;64;0;ThinNlight;14;0;No;No;44990
ASUS;Intel;8;DDR4;Windows;64;0;Casual;13.3;1;Yes;Yes;84990
ASUS;AMD;16;LPDDR4X;Windows;64;0;ThinNlight;13.3;1;No;Yes;84970
HP;Intel;8;DDR4;Windows;64;0;Casual;15.6;1;No;No;46790
Smartron;Intel;4;DDR3;Windows;64;0;Casual;12.2;0;Yes;No;52990
DELL;AMD;8;DDR4;Windows;64;0;ThinNlight;15.6;0;No;No;42090
HP;AMD;8;DDR4;Windows;64;4;Gaming;15.6;1;No;Yes;64990
ASUS;Intel;4;DDR4;Windows;64;0;Casual;0;0;No;No;22990
HP;AMD;16;DDR4;Windows;64;2;Casual;14;1;No;Yes;79990
Lenovo;Intel;8;DDR4;Windows;64;2;Casual;14;1;Yes;Yes;86999
HP;Intel;4;DDR4;Windows;64;0;Casual;14;1;Yes;Yes;54238
HP;64;Access;Apps;Missing;32;0;Casual;0;0;No;No;61745
HP;AMD;16;DDR4;Windows;64;4;Gaming;15.6;1;No;Yes;84990
HP;Intel;4;DDR4;Windows;64;0;Casual;15.6;1;No;No;44599
ASUS;Intel;8;DDR4;Windows;32;0;Casual;15.6;0;No;No;41500
ASUS;Intel;8;LPDDR3;Windows;64;0;ThinNlight;13.3;1;No;No;81990
acer;Intel;4;DDR4;Windows;32;0;Casual;15.6;0;No;No;36999
HP;Intel;16;DDR4;Windows;64;2;Casual;15.6;1;No;No;78000
DELL;Intel;8;DDR4;Windows;32;0;Casual;15.6;0;No;No;42900
Lenovo;Intel;8;DDR4;Windows;64;0;ThinNlight;13.3;1;No;Yes;64990
ASUS;Intel;4;DDR4;Missing;64;0;Casual;15.6;0;No;No;34649
Avita;Intel;8;DDR4;Windows;64;0;ThinNlight;14;0;No;No;73063
Avita;Intel;8;DDR4;Windows;64;0;ThinNlight;14;0;No;No;73063
Smartron;Intel;4;DDR3;Windows;64;0;Casual;12.2;0;Yes;No;42990
DELL;Intel;8;DDR4;Windows;64;2;Casual;15.6;1;No;Yes;62317
HP;Intel;16;DDR4;Windows;64;4;Casual;14;1;No;Yes;100990
Lenovo;Intel;8;DDR4;Windows;64;0;ThinNlight;13.3;1;No;Yes;74990
ASUS;Intel;8;DDR4;Windows;64;4;Casual;15.6;0;No;No;75990
acer;Intel;8;DDR4;Windows;64;0;ThinNlight;13.3;1;No;No;59490
ASUS;Intel;8;DDR4;Windows;64;0;ThinNlight;14.1;1;No;No;49800
Lenovo;Intel;16;DDR4;Windows;32;8;Casual;15.6;0;No;No;265998
DELL;Intel;4;DDR4;Windows;64;0;Casual;15.6;1;No;No;35990
MSI;Intel;8;DDR4;Windows;64;4;Casual;15.6;2;No;No;66990
Lenovo;Intel;4;LPDDR4;Missing;32;0;Casual;0;0;No;No;16990
Lenovo;Intel;8;DDR4;Windows;32;2;Casual;15.6;1;No;Yes;84086
DELL;Intel;8;DDR4;Windows;32;0;Casual;15.6;0;No;No;41480
ASUS;Intel;8;DDR4;Windows;64;0;Casual;15.6;0;No;No;32990
Lenovo;Intel;8;DDR4;Windows;64;0;Casual;15.6;1;No;Yes;61999
acer;Intel;8;DDR4;Windows;64;2;Casual;15.6;1;No;No;72964
Avita;Intel;8;DDR4;Windows;64;0;ThinNlight;14;0;No;No;73990
Avita;Intel;8;DDR4;Windows;64;0;ThinNlight;14;0;No;No;73990
Avita;Intel;8;DDR4;Windows;64;0;ThinNlight;14;0;No;No;73990
Avita;Intel;8;DDR4;Windows;64;0;ThinNlight;14;0;No;No;73990
Avita;Intel;8;DDR4;Windows;64;0;ThinNlight;14;0;No;No;73990
Lenovo;Intel;4;LPDDR4;Missing;32;0;Casual;0;0;No;No;24990
Avita;Intel;8;DDR4;Windows;64;0;ThinNlight;14;0;No;No;73990
ASUS;Intel;8;DDR4;Windows;64;0;Casual;15.6;1;No;No;38680
acer;Intel;4;DDR4;Missing;32;0;Casual;ITW);0;No;No;23990
Lenovo;Intel;4;DDR4;Missing;32;0;Casual;15.6;0;No;No;29999
Lenovo;AMD;4;DDR4;Windows;64;0;Casual;15.6;0;No;No;34990
HP;Intel;8;DDR4;Windows;32;0;Casual;15.6;1;No;Yes;48790
acer;Intel;8;DDR4;Windows;64;2;Casual;15.6;1;No;No;56491
HP;Intel;4;DDR4;Missing;64;0;Casual;15.6;0;No;No;32955
DELL;AMD;8;DDR4;Windows;64;0;ThinNlight;14.96;0;No;No;39990
acer;Intel;16;DDR4;Windows;64;0;Casual;14;0;No;No;62490
APPLE;Apple;8;DDR4;Mac;64;0;Casual;13.3;1;No;No;104990
DELL;Intel;8;DDR4;Windows;64;0;ThinNlight;15.6;0;No;No;46390
DELL;Intel;8;DDR4;Windows;64;0;ThinNlight;14.96;0;No;No;40390
HP;Intel;8;DDR4;Windows;64;0;ThinNlight;13.3;1;No;No;76012
ASUS;Intel;4;DDR4;Windows;64;0;ThinNlight;14.1;0;No;No;33990
Lenovo;Intel;4;DDR4;Missing;64;0;Casual;15.6;0;No;No;39999
